Arquivo,Status,Testes,ComentÃ¡rios,AÃ§Ã£o Recomendada
src/schemas/checklist_schemas.py,âœ…,Presente,"Cobertura de testes unitÃ¡rios, documentaÃ§Ã£o inline.",Revisar cenÃ¡rios de borda
src/schemas/parametros_legais_schemas.py,âœ…,Presente,"Cobertura de testes unitÃ¡rios, documentaÃ§Ã£o inline.",Revisar cenÃ¡rios de borda
src/schemas/folha_processada_schemas.py,âœ…,Presente,"Cobertura de testes unitÃ¡rios, documentaÃ§Ã£o inline.",Revisar cenÃ¡rios de borda
src/schemas/cct_schemas.py,âœ…,Presente,"Cobertura de testes unitÃ¡rios, documentaÃ§Ã£o inline.",Revisar cenÃ¡rios de borda
src/schemas/rbac_schemas.py,âœ…,Presente,"Cobertura de testes unitÃ¡rios, documentaÃ§Ã£o inline.",Revisar cenÃ¡rios de borda
dashboards/app.py,ğŸ”„,Parcial,"Funcionalidade principal implementada, falta integraÃ§Ã£o IA.",Implementar integraÃ§Ã£o IA
dashboards/pages/2_ğŸ“_Checklist.py,ğŸ”„,Parcial,"Checklist implementado, falta automaÃ§Ã£o IA.",Adicionar automaÃ§Ã£o IA
automation/cron_legislacao.py,âŒ,Ausente,"Script nÃ£o implementado.",Implementar busca diÃ¡ria de legislaÃ§Ã£o
automation/robot_esocial.py,âŒ,Ausente,"RobÃ´ eSocial nÃ£o implementado.",Implementar automaÃ§Ã£o eSocial
src/ai_agent.py,âŒ,Ausente,"Agente IA autÃ´nomo nÃ£o implementado.",Implementar agente IA
portal_demandas/,âŒ,Ausente,"Portal de demandas nÃ£o implementado.",Implementar CRUD de tickets
